{
  "controller/login-dbg.controller.js": 1718171706640,
  "controller/home.controller.js": 1718181431354,
  "controller/signUp.controller.js": 1718106069864,
  "controller/myBookings.controller.js": 1718185076578,
  "controller/login.controller.js": 1718171706640,
  "model/models.js": 1716833502000,
  "controller/bookTicket.controller.js": 1718173758565,
  "controller/App.controller.js": 1718185333119,
  "manifest.json": 1718691859338,
  "Component.js": 1716833502000,
  "controller/home-dbg.controller.js": 1718181431354,
  "controller/home.controller.js.map": 1718691859510,
  "controller/signUp-dbg.controller.js": 1718106069864,
  "controller/signUp.controller.js.map": 1718691859532,
  "controller/myBookings-dbg.controller.js": 1718185076578,
  "controller/myBookings.controller.js.map": 1718691859522,
  "i18n/i18n.properties": 1718191461989,
  "controller/login.controller.js.map": 1718691859530,
  "model/models-dbg.js": 1716833502000,
  "model/models.js.map": 1718691859514,
  "controller/bookTicket-dbg.controller.js": 1718173758565,
  "controller/bookTicket.controller.js.map": 1718691859540,
  "controller/App-dbg.controller.js": 1718185333119,
  "controller/App.controller.js.map": 1718691859527,
  "Component-dbg.js": 1716833502000,
  "Component.js.map": 1718691859530,
  "Component-preload.js": 1718691859819,
  "Component-preload.js.map": 1718691859819,
  "view/signUp.view.xml": 1717362769000,
  "view/myBookings.view.xml": 1718104185899,
  "view/login.view.xml": 1718176922326,
  "view/home.view.xml": 1718085254540,
  "view/bookTicket.view.xml": 1718173902750,
  "view/App.view.xml": 1718109363398,
  "images/train_icon.jpeg": 1716880216000,
  "images/indianrailways.jpg": 1718177343980,
  "css/style.css": 1718178219506,
  "index.html": 1716833502000
}